{
  "conn_1746466944632_579": {
    "clientAddress": "106.222.226.96:19881",
    "clientIp": "106.222.226.96",
    "backend": "10.0.0.247:8806",
    "version": "v3",
    "startTime": {
      "__type": "Date",
      "iso": "2025-05-05T17:42:25.008Z"
    },
    "bytesIn": 823,
    "bytesOut": 3153,
    "bytesInLast": 823,
    "bytesOutLast": 3153,
    "bytesInRate": 0,
    "bytesOutRate": 104,
    "rateHistory": [
      {
        "timestamp": {
          "__type": "Date",
          "iso": "2025-05-05T17:43:27.153Z"
        },
        "bytesInRate": 0,
        "bytesOutRate": 0
      },
      {
        "timestamp": {
          "__type": "Date",
          "iso": "2025-05-05T17:43:28.156Z"
        },
        "bytesInRate": 0,
        "bytesOutRate": 0
      },
      {
        "timestamp": {
          "__type": "Date",
          "iso": "2025-05-05T17:43:29.374Z"
        },
        "bytesInRate": 0,
        "bytesOutRate": 108
      },
      {
        "timestamp": {
          "__type": "Date",
          "iso": "2025-05-05T17:43:30.417Z"
        },
        "bytesInRate": 0,
        "bytesOutRate": 0
      },
      {
        "timestamp": {
          "__type": "Date",
          "iso": "2025-05-05T17:43:31.802Z"
        },
        "bytesInRate": 0,
        "bytesOutRate": 0
      },
      {
        "timestamp": {
          "__type": "Date",
          "iso": "2025-05-05T17:43:32.870Z"
        },
        "bytesInRate": 0,
        "bytesOutRate": 0
      },
      {
        "timestamp": {
          "__type": "Date",
          "iso": "2025-05-05T17:43:34.428Z"
        },
        "bytesInRate": 0,
        "bytesOutRate": 84
      },
      {
        "timestamp": {
          "__type": "Date",
          "iso": "2025-05-05T17:43:35.500Z"
        },
        "bytesInRate": 0,
        "bytesOutRate": 0
      },
      {
        "timestamp": {
          "__type": "Date",
          "iso": "2025-05-05T17:43:36.543Z"
        },
        "bytesInRate": 0,
        "bytesOutRate": 0
      },
      {
        "timestamp": {
          "__type": "Date",
          "iso": "2025-05-05T17:43:37.717Z"
        },
        "bytesInRate": 0,
        "bytesOutRate": 0
      },
      {
        "timestamp": {
          "__type": "Date",
          "iso": "2025-05-05T17:43:38.952Z"
        },
        "bytesInRate": 0,
        "bytesOutRate": 0
      },
      {
        "timestamp": {
          "__type": "Date",
          "iso": "2025-05-05T17:43:40.217Z"
        },
        "bytesInRate": 0,
        "bytesOutRate": 104
      }
    ],
    "lastRateUpdate": 1746467020217
  }
}